STCOFIPS,STATE,COUNTY,STATEFIPS,COUNTYFIPS,POPULATION,BUILDVALUE,AGRIVALUE,AVLN_RISKS,AVLN_RISKR,AVLN_EALS,AVLN_EALR,CFLD_RISKS,CFLD_RISKR,CFLD_EALS,CFLD_EALR,CWAV_RISKS,CWAV_RISKR,CWAV_EALS,CWAV_EALR,DRGT_RISKS,DRGT_RISKR,DRGT_EALS,DRGT_EALR,ERQK_RISKS,ERQK_RISKR,ERQK_EALS,ERQK_EALR,HAIL_RISKS,HAIL_RISKR,HAIL_EALS,HAIL_EALR,HWAV_RISKS,HWAV_RISKR,HWAV_EALS,HWAV_EALR,HRCN_RISKS,HRCN_RISKR,HRCN_EALS,HRCN_EALR,ISTM_RISKS,ISTM_RISKR,ISTM_EALS,ISTM_EALR,LNDS_RISKS,LNDS_RISKR,LNDS_EALS,LNDS_EALR,LTNG_RISKS,LTNG_RISKR,LTNG_EALS,LTNG_EALR,RFLD_RISKS,RFLD_RISKR,RFLD_EALS,RFLD_EALR,SWND_RISKS,SWND_RISKR,SWND_EALS,SWND_EALR,TRND_RISKS,TRND_RISKR,TRND_EALS,TRND_EALR,TSUN_RISKS,TSUN_RISKR,TSUN_EALS,TSUN_EALR,VLCN_RISKS,VLCN_RISKR,VLCN_EALS,VLCN_EALR,WFIR_RISKS,WFIR_RISKR,WFIR_EALS,WFIR_EALR,WNTW_RISKS,WNTW_RISKR,WNTW_EALS,WNTW_EALR,RISK_SCORE,RISK_RATNG
01001,Alabama,Autauga,01,001,3443977,91586459,3660920,5.74,Very Low,11659.22,1,15.65,Relatively Low,52.05,1,29.57,Relatively Moderate,697.64,4,11.46,Relatively Low,66325.83,1,1.92,Very Low,41190.86,3,2.76,Very Low,24687.83,4,18.21,Relatively Low,45197.45,1,4.39,Very Low,28352.55,3,10.31,Relatively Low,35793.05,1,91.39,Very High,31031.09,2,10.48,Relatively Low,5285.11,1,6.35,Very Low,100608.24,2,2.35,Very Low,67227.21,4,12.07,Relatively Low,89819.72,3,21.51,Relatively Low,27133.32,3,24.38,Relatively Low,63544.57,2,15.06,Relatively Low,76738.52,4,24.02,Relatively Low,16336.35,3,17.09,Very Low
06001,California,Alameda,06,001,4183125,36703247,7455740,29.32,Relatively Moderate,39446.42,4,0.25,Very Low,71763.06,3,6.43,Very Low,10112.12,1,17.61,Relatively Low,48895.87,2,27.28,Relatively Moderate,112605.58,1,1.81,Very Low,258619.04,2,17.85,Relatively Low,25948.34,4,25.49,Relatively Moderate,81013.24,4,4.53,Very Low,558698.65,2,34.13,Relatively Moderate,230677.44,3,3.14,Very Low,32693.77,3,19.42,Relatively Low,227409.73,4,7.78,Very Low,218720.58,4,1.32,Very Low,17629.42,2,16.58,Relatively Low,86913.67,4,1.6,Very Low,108916.24,1,5.01,Very Low,36436.71,2,17.66,Relatively Low,105544.15,1,13.18,Relatively Moderate
06037,California,Los Angeles,06,037,628467,78633091,7428141,5.9,Very Low,137235.76,4,20.45,Relatively Low,127632.82,4,12.6,Relatively Low,9835.71,3,15.17,Relatively Low,28829.8,2,54.18,Relatively High,49938.75,2,35.48,Relatively Moderate,56985.82,1,10.48,Relatively Low,86015.59,4,29.94,Relatively Moderate,26160.54,4,4.94,Very Low,2461.65,1,0.67,Very Low,521223.34,2,46.16,Relatively Moderate,246350.99,3,20.66,Relatively Low,305913.75,1,8.38,Very Low,340084.2,3,58.93,Relatively High,7833.59,1,7.29,Very Low,190472.67,4,9.96,Very Low,46630.94,2,41.27,Relatively Moderate,119082.56,4,1.1,Very Low,23435.46,3,21.31,Relatively High
12086,Florida,Miami-Dade,12,086,1115534,79725274,9713273,20.25,Relatively Low,119407.44,3,18.51,Relatively Low,80479.4,2,24.86,Relatively Low,166132.82,1,14.18,Relatively Low,8511.59,3,10.44,Relatively Low,160094.99,1,1.1,Very Low,50547.97,2,33.11,Relatively Moderate,41248.24,4,12.97,Relatively Low,57709.74,3,0.55,Very Low,62660.69,3,60.13,Relatively High,182593.8,2,0.46,Very Low,3806.35,2,5.42,Very Low,77020.63,1,11.08,Relatively Low,146964.79,4,50.39,Relatively High,61113.44,2,0.8,Very Low,75790.89,3,18.04,Relatively Low,14890.97,4,55.85,Relatively High,72629.11,2,0.63,Very Low,50886.24,3,18.82,Relatively Low
48201,Texas,Harris,48,201,1433286,4695961,8317316,3.06,Very Low,8433.09,3,17.86,Relatively Low,52585.96,2,37.01,Relatively Moderate,58402.78,4,11.95,Relatively Low,125384.93,4,40.91,Relatively Moderate,101685.88,1,20.09,Relatively Low,80823.05,2,19.64,Relatively Low,4889.21,2,6.6,Very Low,141818.18,1,6.28,Very Low,9628.96,3,0.62,Very Low,193420.3,4,2.89,Very Low,1731.01,2,10.15,Relatively Low,64145.03,1,9.37,Very Low,104917.57,2,14.35,Relatively Low,100811.45,2,4.53,Very Low,1542.29,3,10.49,Relatively Low,194134.95,1,17.28,Relatively Low,95672.52,4,15.43,Relatively Low,2686.91,4,13.81,Relatively Moderate
36061,New York,New York,36,061,3347690,85607827,5492023,16.96,Relatively Low,85183.12,1,9.19,Very Low,78881.44,1,14.75,Relatively Low,171717.26,4,35.36,Relatively Moderate,21789.63,1,3.62,Very Low,47362.47,1,1.49,Very Low,114887.49,1,15.99,Relatively Low,48677.81,2,0.35,Very Low,168453.05,1,10.28,Relatively Low,118055.05,2,14.87,Relatively Low,209941.58,4,8.12,Very Low,342899.68,4,2.93,Very Low,138875.64,4,12.87,Relatively Low,131545.48,4,6.98,Very Low,149795.45,4,30.27,Relatively Moderate,82523.21,4,8.41,Very Low,138978.47,1,4.08,Very Low,47437.94,1,10.56,Relatively Low,175133.26,2,11.5,Very Low
17031,Illinois,Cook,17,031,3274908,89146618,6586460,35.37,Relatively Moderate,9572.56,3,47.13,Relatively Moderate,112939.08,4,12.78,Relatively Low,99923.01,1,1.44,Very Low,92241.17,4,16.74,Relatively Low,139583.79,3,22.8,Relatively Low,12043.42,1,10.23,Relatively Low,5928.17,3,0.86,Very Low,133573.65,1,6.48,Very Low,12450.6,4,17.47,Relatively Low,181378.35,1,1.6,Very Low,8785.55,1,3.78,Very Low,50526.05,3,18.37,Relatively Low,8484.88,1,3.98,Very Low,87061.35,1,6.95,Very Low,167557.54,3,35.74,Relatively Moderate,89621.54,4,7.08,Very Low,8719.4,1,7.12,Very Low,122106.59,2,14.22,Relatively Low
04013,Arizona,Maricopa,04,013,458345,77246546,7927494,8.55,Very Low,29260.37,2,9.49,Very Low,5795.04,4,21.86,Relatively Low,173042.18,3,20.56,Relatively Low,87555.38,2,7.67,Very Low,64954.17,1,30.44,Relatively Moderate,25308.21,2,24.3,Relatively Low,381220.79,1,0.66,Very Low,221772.12,2,38.78,Relatively Moderate,251473.57,4,12.11,Relatively Low,348357.52,2,2.73,Very Low,24437.88,3,9.09,Very Low,98767.42,2,7.27,Very Low,133598.42,3,4.95,Very Low,300399.6,4,7.53,Very Low,11289.56,1,4.87,Very Low,20840.42,2,7.37,Very Low,26057.9,4,1.21,Very Low,366496.01,4,12.19,Very Low
53033,Washington,King,53,033,507562,46791733,4678238,11.52,Relatively Low,37037.93,4,13.85,Relatively Low,31602.34,1,36.27,Relatively Moderate,172899.45,2,8.08,Very Low,87027.26,1,8.13,Very Low,269901.84,2,12.03,Relatively Low,18012.51,4,7.09,Very Low,166364.77,4,63.28,Relatively High,47278.99,2,7.19,Very Low,350370.86,3,12.63,Relatively Low,6561.84,1,8.04,Very Low,31938.89,4,1.18,Very Low,117672.86,1,100.0,Very High,569487.34,1,13.2,Relatively Low,129506.83,2,28.42,Relatively Moderate,28415.24,2,3.44,Very Low,28960.72,1,13.98,Relatively Low,25960.37,1,21.22,Relatively Low,4803.17,3,20.53,Very Low
42101,Pennsylvania,Philadelphia,42,101,1196887,96282726,8996761,11.02,Relatively Low,147980.71,3,5.52,Very Low,169491.81,4,12.35,Relatively Low,209275.86,1,13.37,Relatively Low,65401.49,3,21.11,Relatively Low,96839.9,2,24.52,Relatively Low,233460.28,4,0.22,Very Low,43168.73,2,15.19,Relatively Low,80926.67,3,35.18,Relatively Moderate,42810.26,2,8.99,Very Low,241319.58,2,14.6,Relatively Low,198314.06,1,23.88,Relatively Low,61497.73,1,10.16,Relatively Low,29873.55,4,0.7,Very Low,96970.65,2,5.98,Very Low,100348.63,4,6.27,Very Low,77059.73,3,2.06,Very Low,16475.99,2,17.94,Relatively Low,19853.3,4,12.73,Relatively Low
39180,State_39,County_180,39,180,1315794,23383810,2050367,2.84,Very Low,21355.1,3,25.87,Relatively Moderate,42324.62,2,2.92,Very Low,9288.59,1,11.47,Relatively Low,44004.33,2,6.79,Very Low,70000.52,1,5.82,Very Low,9683.1,3,14.83,Relatively Low,8529.54,2,2.56,Very Low,47366.79,1,4.86,Very Low,164093.52,1,13.64,Relatively Low,428722.54,3,6.94,Very Low,66266.26,2,21.4,Relatively Low,75771.93,2,20.64,Relatively Low,3737.3,4,2.14,Very Low,116208.1,3,10.75,Relatively Low,75952.95,1,30.29,Relatively Moderate,43718.28,3,4.17,Very Low,31367.46,1,3.02,Very Low,83003.3,1,10.61,Very Low
29015,State_29,County_015,29,015,2202614,65413145,870173,1.91,Very Low,221207.99,4,9.64,Very Low,43866.67,1,10.35,Relatively Low,9093.21,3,20.02,Relatively Low,81586.25,4,8.48,Very Low,13648.47,1,6.17,Very Low,229906.53,4,12.69,Relatively Low,44020.68,1,6.01,Very Low,271344.21,1,1.61,Very Low,16588.83,3,10.04,Relatively Low,190258.5,2,5.03,Very Low,19040.24,3,27.71,Relatively Moderate,5301.63,3,7.92,Very Low,403864.22,3,34.04,Relatively Moderate,85801.81,3,30.09,Relatively Moderate,169866.3,1,10.12,Relatively Low,128336.27,2,39.76,Relatively Moderate,81365.04,4,9.71,Very Low,182376.15,1,13.96,Very Low
43072,State_43,County_072,43,072,74323,83405138,1337715,10.63,Relatively Low,27761.26,3,18.43,Relatively Low,146006.79,2,13.06,Relatively Low,16766.48,4,5.8,Very Low,90111.42,2,6.16,Very Low,14434.93,3,11.94,Relatively Low,22530.9,4,24.9,Relatively Low,29388.88,1,0.04,Very Low,12408.59,3,9.57,Very Low,53075.78,2,1.69,Very Low,190198.15,4,50.3,Relatively High,13272.85,4,70.54,Relatively High,22941.54,3,1.03,Very Low,135139.32,2,0.74,Very Low,152103.55,3,23.79,Relatively Low,22517.98,2,26.16,Relatively Moderate,20629.26,3,16.41,Relatively Low,74037.6,4,5.7,Very Low,88747.66,2,16.49,Very Low
21103,State_21,County_103,21,103,839735,63056263,7121862,18.77,Relatively Low,229926.51,1,5.38,Very Low,137677.73,3,12.92,Relatively Low,43906.71,3,7.26,Very Low,78428.24,4,3.9,Very Low,78274.22,2,42.16,Relatively Moderate,98807.69,4,17.75,Relatively Low,18239.85,3,14.52,Relatively Low,76241.39,3,12.77,Relatively Low,607164.08,1,5.6,Very Low,28566.96,3,2.32,Very Low,22884.05,2,21.56,Relatively Low,209366.73,1,1.63,Very Low,76890.87,3,28.11,Relatively Moderate,13637.96,4,10.47,Relatively Low,77622.59,1,3.91,Very Low,128104.31,2,0.18,Very Low,91240.5,4,11.74,Relatively Low,29008.37,1,12.27,Very Low
19075,State_19,County_075,19,075,2702755,93663037,9551337,6.29,Very Low,25793.04,3,9.3,Very Low,294282.37,4,36.43,Relatively Moderate,14979.57,2,14.18,Relatively Low,1827.62,4,13.48,Relatively Low,10782.21,4,17.89,Relatively Low,255746.94,4,15.81,Relatively Low,147511.1,3,14.0,Relatively Low,55187.45,1,1.65,Very Low,183533.29,3,8.99,Very Low,12017.87,1,2.71,Very Low,20618.92,3,38.04,Relatively Moderate,203942.39,3,3.87,Very Low,93622.41,3,0.84,Very Low,40826.49,4,23.25,Relatively Low,92563.81,3,7.62,Very Low,77088.3,3,38.45,Relatively Moderate,62679.8,3,20.06,Relatively Low,60187.78,3,15.16,Relatively Low
11088,State_11,County_088,11,088,2759178,69105394,9259861,2.91,Very Low,68988.8,2,0.52,Very Low,37320.1,1,13.03,Relatively Low,100039.08,4,3.59,Very Low,72396.46,1,48.69,Relatively Moderate,16094.69,2,29.56,Relatively Moderate,76586.78,4,10.46,Relatively Low,90481.93,1,7.6,Very Low,55650.12,4,34.25,Relatively Moderate,22958.88,1,14.71,Relatively Low,47437.47,4,12.48,Relatively Low,6796.69,2,18.78,Relatively Low,75003.02,2,8.72,Very Low,51209.82,2,21.75,Relatively Low,10867.88,4,29.68,Relatively Moderate,292091.17,4,4.77,Very Low,227721.38,2,7.88,Very Low,2571.41,4,27.47,Relatively Moderate,201735.92,4,16.49,Relatively Moderate
53100,State_53,County_100,53,100,4053064,14839094,2702967,3.27,Very Low,70422.41,4,1.65,Very Low,160901.84,3,32.77,Relatively Moderate,81355.72,4,1.57,Very Low,27861.95,2,13.86,Relatively Low,164428.9,4,7.59,Very Low,110287.68,1,7.82,Very Low,39154.75,2,0.2,Very Low,8938.71,3,28.27,Relatively Moderate,13099.39,3,13.12,Relatively Low,54718.63,2,36.22,Relatively Moderate,98019.28,3,4.5,Very Low,47753.98,3,0.52,Very Low,177581.43,1,7.9,Very Low,80306.74,2,29.61,Relatively Moderate,24783.4,2,21.63,Relatively Low,15095.45,2,12.51,Relatively Low,422449.74,3,24.13,Relatively Low,55375.66,3,13.73,Relatively Low
40152,State_40,County_152,40,152,3183584,81218637,2959244,7.73,Very Low,24593.01,2,27.02,Relatively Moderate,416062.42,2,34.62,Relatively Moderate,117513.22,1,0.28,Very Low,245688.85,1,25.32,Relatively Moderate,68933.6,2,12.12,Relatively Low,105388.86,2,19.11,Relatively Low,11269.71,2,2.21,Very Low,230277.15,2,19.76,Relatively Low,28865.68,1,16.41,Relatively Low,19282.2,1,27.31,Relatively Moderate,51815.49,2,10.98,Relatively Low,4810.47,4,47.78,Relatively Moderate,20379.56,1,13.86,Relatively Low,28150.0,1,27.22,Relatively Moderate,57481.92,4,19.04,Relatively Low,35257.15,3,44.73,Relatively Moderate,50525.68,4,41.43,Relatively Moderate,131890.53,1,22.05,Relatively Moderate
03150,State_03,County_150,03,150,1641993,37905710,2442035,2.65,Very Low,184218.78,1,10.29,Relatively Low,90842.88,2,14.65,Relatively Low,64290.53,1,1.17,Very Low,130264.74,1,18.31,Relatively Low,91201.5,1,4.24,Very Low,170982.37,1,0.04,Very Low,343266.91,2,13.38,Relatively Low,44781.0,4,24.71,Relatively Low,327277.21,1,45.01,Relatively Moderate,59060.1,3,1.36,Very Low,317416.05,3,19.76,Relatively Low,164279.38,3,19.32,Relatively Low,101399.06,4,4.31,Very Low,67221.77,3,17.72,Relatively Low,5297.45,2,0.6,Very Low,122273.16,3,100.0,Very High,81149.52,2,37.06,Relatively Moderate,3453.55,1,18.59,Relatively Low
53002,State_53,County_002,53,002,2393366,70144712,5222930,38.73,Relatively Moderate,354246.99,3,23.8,Relatively Low,136674.49,4,27.92,Relatively Moderate,38434.05,2,15.52,Relatively Low,105030.04,4,3.92,Very Low,12847.78,2,32.44,Relatively Moderate,75558.69,2,19.35,Relatively Low,6758.99,3,24.44,Relatively Low,77305.98,2,5.76,Very Low,98320.91,4,8.35,Very Low,209285.41,2,0.37,Very Low,204098.17,2,0.0,Very Low,20514.76,2,41.97,Relatively Moderate,160337.25,3,0.14,Very Low,5412.24,1,7.71,Very Low,65368.73,1,13.04,Relatively Low,31702.43,1,21.93,Relatively Low,54088.42,3,11.09,Relatively Low,131778.3,1,16.47,Very Low
24158,State_24,County_158,24,158,4730642,47695565,649239,5.08,Very Low,35141.47,2,13.34,Relatively Low,32471.35,1,66.0,Relatively High,55821.97,1,7.45,Very Low,13288.88,3,44.92,Relatively Moderate,154339.28,3,13.32,Relatively Low,403591.61,3,43.43,Relatively Moderate,62998.74,1,67.9,Relatively High,136005.3,4,3.95,Very Low,286000.93,3,3.93,Very Low,177574.35,2,3.93,Very Low,19422.58,2,0.56,Very Low,315286.02,4,6.46,Very Low,5958.3,3,3.66,Very Low,73035.15,4,79.2,Very High,19103.37,2,10.86,Relatively Low,67567.34,1,2.51,Very Low,169191.3,2,14.63,Relatively Low,137781.68,1,21.73,Relatively Moderate
38130,State_38,County_130,38,130,4919384,86561923,8523309,29.51,Relatively Moderate,61144.2,4,4.63,Very Low,13870.47,1,0.68,Very Low,191185.15,2,24.87,Relatively Low,106491.25,1,19.93,Relatively Low,33043.78,4,6.99,Very Low,30077.24,1,0.75,Very Low,76057.52,1,3.73,Very Low,114967.01,1,71.47,Relatively High,6349.06,1,9.83,Very Low,89748.81,2,12.71,Relatively Low,108504.08,4,12.51,Relatively Low,31064.81,2,11.05,Relatively Low,202617.23,4,28.52,Relatively Moderate,201962.06,1,6.1,Very Low,27271.47,1,17.1,Relatively Low,96393.64,2,3.15,Very Low,213400.02,1,30.82,Relatively Moderate,2968.35,3,16.35,Relatively Low
21161,State_21,County_161,21,161,4882554,43413492,5772605,35.9,Relatively Moderate,112.07,2,26.77,Relatively Moderate,70819.53,3,3.22,Very Low,8784.62,3,59.6,Relatively High,99916.57,3,7.09,Very Low,911.38,1,22.7,Relatively Low,11314.7,2,0.28,Very Low,56605.79,2,6.28,Very Low,100136.37,2,21.02,Relatively Low,155498.28,4,17.47,Relatively Low,7024.77,3,2.73,Very Low,147396.47,1,13.09,Relatively Low,42446.91,2,1.16,Very Low,191334.87,2,54.45,Relatively High,346983.57,4,15.64,Relatively Low,90237.76,4,0.37,Very Low,2237.19,2,6.97,Very Low,170807.47,3,17.25,Relatively Low,59041.5,2,17.33,Very Low
12058,State_12,County_058,12,058,4437036,30221379,1818224,1.62,Very Low,192558.65,3,23.76,Relatively Low,118313.22,4,27.48,Relatively Moderate,148202.49,4,15.94,Relatively Low,31918.58,1,49.55,Relatively Moderate,3180.27,1,43.13,Relatively Moderate,54425.71,3,50.08,Relatively High,142750.84,1,62.01,Relatively High,52650.46,4,19.33,Relatively Low,136977.95,3,0.47,Very Low,105459.59,4,12.41,Relatively Low,63777.39,3,51.72,Relatively High,20521.22,1,1.43,Very Low,16683.18,3,27.94,Relatively Moderate,143139.21,3,23.9,Relatively Low,34837.8,4,38.05,Relatively Moderate,95880.77,2,9.3,Very Low,123.26,3,2.01,Very Low,115697.88,4,25.56,Relatively Moderate
22089,State_22,County_089,22,089,4007615,99116600,2974299,1.0,Very Low,87220.54,1,13.38,Relatively Low,56783.13,4,9.11,Very Low,1168.86,2,17.11,Relatively Low,50342.82,3,13.75,Relatively Low,34483.47,1,21.22,Relatively Low,305015.97,1,0.61,Very Low,65490.18,4,2.37,Very Low,10846.8,2,2.31,Very Low,69092.6,2,3.54,Very Low,42467.33,4,0.15,Very Low,39520.98,2,11.46,Relatively Low,214160.2,2,0.51,Very Low,8183.77,2,5.83,Very Low,379274.71,2,17.54,Relatively Low,161237.57,2,0.63,Very Low,110983.14,4,15.18,Relatively Low,122579.49,2,13.55,Relatively Low,95868.84,3,8.29,Relatively Low
49059,State_49,County_059,49,059,1215663,76530792,8815633,41.05,Relatively Moderate,294409.78,4,24.27,Relatively Low,41468.27,3,9.94,Very Low,108122.47,4,11.9,Relatively Low,169989.76,2,9.83,Very Low,4160.78,4,19.73,Relatively Low,8515.49,2,13.49,Relatively Low,105066.3,1,30.81,Relatively Moderate,24745.42,3,9.53,Very Low,136366.85,1,23.39,Relatively Low,107501.62,3,2.65,Very Low,2108.18,3,3.89,Very Low,560863.12,1,10.2,Relatively Low,8504.22,3,17.1,Relatively Low,7493.74,3,3.41,Very Low,183541.3,1,30.41,Relatively Moderate,129890.3,1,28.09,Relatively Moderate,99091.95,4,6.96,Very Low,439406.39,4,16.48,Very Low
42188,State_42,County_188,42,188,1434945,61111794,2463999,13.3,Relatively Low,2983.51,2,10.0,Relatively Low,206690.63,2,23.62,Relatively Low,106423.79,3,13.46,Relatively Low,243455.59,4,7.26,Very Low,62700.9,1,19.81,Relatively Low,14106.56,4,7.8,Very Low,92094.0,2,4.07,Very Low,355417.7,3,7.99,Very Low,7163.86,1,4.26,Very Low,204600.6,3,13.48,Relatively Low,86610.84,4,13.48,Relatively Low,17855.73,3,5.61,Very Low,50923.68,3,16.04,Relatively Low,39332.42,4,13.7,Relatively Low,50527.4,3,9.07,Very Low,26925.35,3,8.75,Very Low,40180.59,1,6.16,Very Low,176540.99,1,10.99,Very Low
16015,State_16,County_015,16,015,933780,48602635,2042811,0.56,Very Low,133333.01,1,11.44,Relatively Low,152229.89,4,24.57,Relatively Low,88033.1,3,12.25,Relatively Low,77632.41,4,4.72,Very Low,5878.11,3,3.94,Very Low,5308.1,1,1.95,Very Low,60184.32,1,1.39,Very Low,10904.39,3,0.64,Very Low,16057.17,1,9.81,Very Low,115825.95,2,45.49,Relatively Moderate,101920.96,1,13.02,Relatively Low,29333.08,3,10.07,Relatively Low,109920.52,4,2.02,Very Low,14238.72,4,18.3,Relatively Low,22546.31,3,2.66,Very Low,20868.49,3,16.75,Relatively Low,58653.78,1,49.59,Relatively Moderate,29478.26,1,12.73,Very Low
47190,State_47,County_190,47,190,974918,43439798,8221757,10.31,Relatively Low,96193.49,4,29.99,Relatively Moderate,146325.91,3,40.09,Relatively Moderate,116965.75,1,13.77,Relatively Low,282810.75,2,7.51,Very Low,105335.11,2,6.43,Very Low,17350.55,4,0.74,Very Low,377986.31,1,75.17,Very High,139605.29,1,12.56,Relatively Low,134112.68,4,15.77,Relatively Low,144898.23,4,16.52,Relatively Low,164945.78,2,31.54,Relatively Moderate,38154.7,1,25.54,Relatively Moderate,12807.1,2,15.71,Relatively Low,39806.44,1,6.85,Very Low,50446.7,1,7.18,Very Low,79517.93,1,4.07,Very Low,46721.04,4,0.22,Very Low,88445.71,4,17.78,Very Low
51108,State_51,County_108,51,108,1058173,76488205,9990633,21.37,Relatively Low,69403.82,1,29.85,Relatively Moderate,73205.81,2,36.84,Relatively Moderate,168075.29,1,7.18,Very Low,50886.55,1,4.24,Very Low,64759.17,3,21.72,Relatively Low,167657.04,2,18.85,Relatively Low,73654.36,1,3.27,Very Low,759.16,3,1.11,Very Low,309356.63,4,39.27,Relatively Moderate,6215.99,1,9.79,Very Low,21636.45,2,9.98,Very Low,29675.86,4,16.63,Relatively Low,265364.55,4,11.62,Relatively Low,37296.07,4,18.97,Relatively Low,51066.76,1,8.0,Very Low,12997.9,3,1.97,Very Low,196194.86,3,11.17,Relatively Low,123459.1,4,15.1,Very Low
55064,State_55,County_064,55,064,1893376,21668329,7120988,4.45,Very Low,329486.3,4,1.37,Very Low,169145.44,4,0.67,Very Low,100280.6,3,0.04,Very Low,101607.02,1,32.34,Relatively Moderate,25887.41,1,15.6,Relatively Low,19209.73,1,27.48,Relatively Moderate,230281.64,4,12.2,Relatively Low,29523.72,4,4.82,Very Low,172942.89,4,16.69,Relatively Low,165826.04,3,14.67,Relatively Low,60105.61,2,2.49,Very Low,26818.74,4,29.79,Relatively Moderate,24429.03,1,2.95,Very Low,37436.16,3,14.01,Relatively Low,79119.54,2,4.45,Very Low,99971.44,1,10.3,Relatively Low,440513.32,3,13.63,Relatively Low,112652.19,2,11.55,Relatively Moderate
03051,State_03,County_051,03,051,2008197,36609212,8091208,17.69,Relatively Low,473938.68,4,25.61,Relatively Moderate,92437.18,2,12.96,Relatively Low,32042.66,2,4.62,Very Low,103645.43,4,3.2,Very Low,39063.3,3,6.31,Very Low,96012.71,1,10.98,Relatively Low,7000.68,1,1.09,Very Low,102211.86,4,31.81,Relatively Moderate,105233.2,2,3.94,Very Low,61038.57,2,16.61,Relatively Low,513949.67,2,6.76,Very Low,539935.19,3,9.39,Very Low,6202.68,4,1.39,Very Low,326141.12,1,17.57,Relatively Low,22431.13,4,7.9,Very Low,54937.44,3,21.17,Relatively Low,42705.38,4,59.64,Relatively High,64414.09,2,14.37,Very Low
07021,State_07,County_021,07,021,1157116,24255666,410375,0.3,Very Low,133628.67,4,11.65,Relatively Low,184537.1,1,1.46,Very Low,29712.29,4,21.11,Relatively Low,13663.73,4,10.6,Relatively Low,17352.52,1,0.55,Very Low,36115.4,2,6.27,Very Low,47950.39,2,41.46,Relatively Moderate,80699.3,3,26.17,Relatively Moderate,32809.24,2,13.77,Relatively Low,72500.83,3,23.15,Relatively Low,85469.57,4,28.6,Relatively Moderate,23383.87,3,7.59,Very Low,77594.77,1,7.19,Very Low,210352.38,2,19.17,Relatively Low,15231.01,3,5.45,Very Low,8438.13,1,0.35,Very Low,16698.91,3,6.37,Very Low,371359.03,4,12.84,Relatively Low
09167,State_09,County_167,09,167,4691993,43866200,4157025,2.13,Very Low,198060.65,4,13.99,Relatively Low,14989.08,4,21.71,Relatively Low,19217.63,3,45.8,Relatively Moderate,174411.72,1,6.87,Very Low,7060.74,2,10.58,Relatively Low,26468.37,1,11.96,Relatively Low,337617.78,4,13.53,Relatively Low,275591.53,4,8.68,Very Low,11167.45,2,0.0,Very Low,1784.61,2,15.76,Relatively Low,16490.4,3,12.47,Relatively Low,21292.4,1,0.9,Very Low,527193.2,1,14.49,Relatively Low,35290.36,3,4.1,Very Low,15344.19,1,22.9,Relatively Low,30841.2,3,17.67,Relatively Low,6431.65,4,15.04,Relatively Low,25993.02,1,13.25,Very Low
18132,State_18,County_132,18,132,437387,76173084,1644613,8.33,Very Low,14007.89,4,7.78,Very Low,106153.56,3,6.88,Very Low,53465.69,2,2.92,Very Low,48951.88,1,0.17,Very Low,53811.8,3,8.13,Very Low,156225.73,1,21.42,Relatively Low,14746.77,3,14.47,Relatively Low,39082.34,2,4.14,Very Low,372445.5,2,1.0,Very Low,4356.87,1,1.74,Very Low,79398.35,3,10.38,Relatively Low,30927.25,1,10.05,Relatively Low,16257.62,4,4.19,Very Low,105472.17,3,7.07,Very Low,50166.15,2,7.47,Very Low,312862.82,1,46.63,Relatively Moderate,154600.96,1,42.93,Relatively Moderate,165487.19,4,11.43,Very Low
25060,State_25,County_060,25,060,3292972,31822201,2419124,26.16,Relatively Moderate,68409.25,4,33.82,Relatively Moderate,101244.29,3,33.03,Relatively Moderate,59896.43,1,2.44,Very Low,133725.19,1,8.79,Very Low,4901.26,4,1.33,Very Low,125992.04,1,24.3,Relatively Low,11134.23,1,47.03,Relatively Moderate,133753.6,2,9.3,Very Low,477814.46,4,22.35,Relatively Low,108284.9,4,6.57,Very Low,53125.1,1,16.2,Relatively Low,144550.38,4,8.28,Very Low,8623.1,4,51.56,Relatively High,35018.86,4,3.88,Very Low,372932.03,3,3.45,Very Low,12941.01,2,4.53,Very Low,7176.92,1,11.33,Relatively Low,4285.66,2,17.46,Very Low
14009,State_14,County_009,14,009,1013171,50701515,7314938,58.66,Relatively High,92100.58,1,37.94,Relatively Moderate,73557.08,4,16.03,Relatively Low,13707.57,3,1.76,Very Low,91262.64,1,6.98,Very Low,56576.92,4,7.38,Very Low,17874.85,4,4.13,Very Low,12954.09,4,10.28,Relatively Low,1279.64,1,5.05,Very Low,169253.12,3,31.71,Relatively Moderate,29898.79,3,4.36,Very Low,140666.82,1,57.52,Relatively High,137908.8,2,22.47,Relatively Low,106758.42,3,5.79,Very Low,139912.57,1,41.56,Relatively Moderate,4413.34,2,1.71,Very Low,115612.92,4,25.54,Relatively Moderate,24017.7,3,2.45,Very Low,41913.36,2,18.96,Very Low
26053,State_26,County_053,26,053,1609908,36908279,2992478,1.68,Very Low,16436.7,2,30.99,Relatively Moderate,101140.22,4,8.53,Very Low,17536.36,2,0.14,Very Low,28326.37,1,31.99,Relatively Moderate,32559.45,3,7.7,Very Low,160979.28,3,5.59,Very Low,135614.56,2,14.36,Relatively Low,20828.54,1,7.06,Very Low,77369.73,4,0.08,Very Low,143125.31,2,26.82,Relatively Moderate,1109.29,1,47.58,Relatively Moderate,45877.21,3,21.18,Relatively Low,184497.27,2,31.39,Relatively Moderate,560874.62,4,7.3,Very Low,103104.29,2,32.6,Relatively Moderate,89905.1,1,16.32,Relatively Low,188.17,3,0.05,Very Low,96650.39,4,16.19,Relatively Moderate
02084,State_02,County_084,02,084,4111036,53496899,9966460,15.42,Relatively Low,6705.22,4,3.83,Very Low,121383.27,4,13.88,Relatively Low,112845.71,2,13.83,Relatively Low,2319.99,3,10.34,Relatively Low,8018.92,2,17.83,Relatively Low,137012.66,2,18.45,Relatively Low,155407.4,4,11.02,Relatively Low,46754.68,2,5.97,Very Low,56919.54,2,6.96,Very Low,6458.36,4,19.96,Relatively Low,640547.29,4,5.34,Very Low,19053.13,2,15.17,Relatively Low,154015.26,3,17.37,Relatively Low,472467.83,4,7.26,Very Low,84833.37,4,3.4,Very Low,83367.43,2,6.11,Very Low,2654.6,1,13.22,Relatively Low,88304.72,2,11.41,Relatively Low
28111,State_28,County_111,28,111,2160224,76057004,5820626,42.37,Relatively Moderate,30015.52,2,3.83,Very Low,47307.1,4,3.09,Very Low,162274.26,2,41.55,Relatively Moderate,122424.02,2,1.26,Very Low,130173.01,2,36.02,Relatively Moderate,151509.67,4,21.76,Relatively Low,17305.44,4,2.11,Very Low,50888.76,4,16.05,Relatively Low,313763.28,2,4.98,Very Low,4561.98,2,4.55,Very Low,28366.19,4,23.21,Relatively Low,368228.73,4,21.37,Relatively Low,59736.41,1,4.68,Very Low,17005.53,4,0.51,Very Low,6470.2,2,12.38,Relatively Low,42452.63,2,7.94,Very Low,42670.41,3,4.05,Very Low,131844.41,3,13.98,Very Low
07172,State_07,County_172,07,172,2173859,13834263,6862126,32.07,Relatively Moderate,49996.46,2,8.14,Very Low,30131.83,1,10.23,Relatively Low,388981.35,1,15.93,Relatively Low,22076.84,4,6.19,Very Low,36917.96,1,14.07,Relatively Low,43002.38,1,0.33,Very Low,127299.44,3,4.33,Very Low,190123.55,3,11.82,Relatively Low,393820.39,1,29.51,Relatively Moderate,128306.76,1,23.53,Relatively Low,79593.03,2,1.28,Very Low,61304.41,1,8.4,Very Low,15193.94,2,28.45,Relatively Moderate,110570.44,2,29.71,Relatively Moderate,61648.67,3,11.83,Relatively Low,6429.65,4,1.78,Very Low,44001.52,3,0.8,Very Low,154308.01,4,13.24,Very Low
08175,State_08,County_175,08,175,3481750,37319763,8170297,6.01,Very Low,141367.17,2,0.27,Very Low,13496.53,3,31.75,Relatively Moderate,204468.02,3,43.96,Relatively Moderate,82139.49,4,22.18,Relatively Low,2754.33,1,1.48,Very Low,42108.12,4,11.61,Relatively Low,68878.17,2,6.98,Very Low,60092.69,3,7.18,Very Low,149437.79,3,3.27,Very Low,20668.39,4,5.08,Very Low,157433.34,4,4.85,Very Low,37447.4,1,7.56,Very Low,246616.42,4,11.02,Relatively Low,59348.82,2,23.64,Relatively Low,38091.15,3,6.77,Very Low,227483.71,3,61.59,Relatively High,15165.06,1,0.51,Very Low,45207.43,4,14.21,Relatively Low
35081,State_35,County_081,35,081,289215,3843236,7479933,14.33,Relatively Low,8715.4,4,1.88,Very Low,134603.7,3,51.23,Relatively High,54087.42,3,1.96,Very Low,129165.91,2,2.72,Very Low,213645.86,3,16.01,Relatively Low,13906.26,1,12.31,Relatively Low,74950.51,1,25.97,Relatively Moderate,23540.97,2,19.72,Relatively Low,20753.1,1,5.28,Very Low,250357.58,2,18.58,Relatively Low,37738.82,3,34.73,Relatively Moderate,105459.9,1,6.64,Very Low,68163.86,3,31.78,Relatively Moderate,74535.65,4,18.67,Relatively Low,174857.48,2,19.05,Relatively Low,54493.19,2,6.41,Very Low,59847.53,2,14.27,Relatively Low,57182.46,4,16.75,Very Low
36050,State_36,County_050,36,050,3499429,83974992,6988260,24.61,Relatively Low,185621.69,3,15.08,Relatively Low,13497.79,4,1.69,Very Low,37821.91,4,1.08,Very Low,19222.82,1,15.98,Relatively Low,479664.76,3,4.91,Very Low,102968.88,4,30.19,Relatively Moderate,24274.68,3,3.59,Very Low,3375.26,1,7.87,Very Low,142399.1,4,30.74,Relatively Moderate,145271.1,3,0.91,Very Low,229112.49,3,35.66,Relatively Moderate,111088.42,3,2.78,Very Low,49390.2,2,9.25,Very Low,199925.32,4,2.07,Very Low,53232.36,3,1.76,Very Low,54913.07,1,8.21,Very Low,2755.11,2,4.93,Very Low,195433.73,3,11.18,Relatively Low
40132,State_40,County_132,40,132,525693,20413938,7918114,21.03,Relatively Low,163427.78,4,60.09,Relatively High,97112.85,1,5.45,Very Low,176840.24,4,15.12,Relatively Low,59755.01,4,18.25,Relatively Low,77804.84,4,4.58,Very Low,4722.11,1,9.49,Very Low,35848.41,3,1.16,Very Low,25663.76,2,20.39,Relatively Low,4934.03,4,31.46,Relatively Moderate,209770.13,1,13.49,Relatively Low,222842.89,3,14.76,Relatively Low,75782.76,2,23.74,Relatively Low,3528.55,3,4.68,Very Low,155665.97,1,11.05,Relatively Low,6575.62,4,3.73,Very Low,67016.26,1,1.48,Very Low,240380.77,4,30.44,Relatively Moderate,6687.39,4,16.13,Relatively Low
02134,State_02,County_134,02,134,4696166,85641191,2420715,36.23,Relatively Moderate,62442.97,3,13.82,Relatively Low,223048.11,1,2.81,Very Low,295859.68,2,13.44,Relatively Low,121279.08,4,16.92,Relatively Low,14121.04,4,7.28,Very Low,66878.06,2,4.57,Very Low,31686.21,3,20.41,Relatively Low,70575.85,3,7.84,Very Low,222082.09,2,6.74,Very Low,63959.38,2,35.69,Relatively Moderate,27293.36,2,53.38,Relatively High,40249.0,1,14.61,Relatively Low,63439.49,4,4.94,Very Low,23192.27,1,11.55,Relatively Low,192508.06,1,3.71,Very Low,3741.26,4,5.03,Very Low,62148.15,1,12.73,Relatively Low,71880.91,3,15.09,Relatively Low
54106,State_54,County_106,54,106,495757,95553864,1285111,1.37,Very Low,95989.4,4,11.38,Relatively Low,211911.98,3,31.1,Relatively Moderate,68032.29,3,0.69,Very Low,59892.31,3,4.82,Very Low,50182.64,4,19.63,Relatively Low,213926.42,1,18.78,Relatively Low,93625.17,4,5.28,Very Low,126737.15,4,25.82,Relatively Moderate,156.63,3,0.03,Very Low,126433.21,3,0.92,Very Low,92582.47,2,4.45,Very Low,109449.71,1,9.14,Very Low,46053.34,3,13.61,Relatively Low,79758.29,1,1.1,Very Low,8357.73,3,20.79,Relatively Low,53217.75,1,17.03,Relatively Low,44929.16,3,13.7,Relatively Low,69746.37,3,11.09,Very Low
04054,State_04,County_054,04,054,2171352,81846200,8594630,31.04,Relatively Moderate,128725.68,3,20.26,Relatively Low,75500.45,3,11.45,Relatively Low,15331.1,1,17.81,Relatively Low,76034.03,3,9.98,Very Low,86085.58,2,36.14,Relatively Moderate,165037.78,3,6.3,Very Low,130627.68,1,1.05,Very Low,49003.1,3,8.43,Very Low,111769.3,3,11.73,Relatively Low,197863.74,2,8.87,Very Low,160137.22,3,8.97,Very Low,86575.53,1,8.46,Very Low,38399.74,4,0.19,Very Low,46211.85,2,18.34,Relatively Low,116605.11,3,10.75,Relatively Low,18107.63,3,2.31,Very Low,220815.74,1,43.96,Relatively Moderate,41516.52,2,14.22,Very Low
29191,State_29,County_191,29,191,27297,52120091,3365962,7.31,Very Low,156887.32,3,5.59,Very Low,113047.65,1,11.36,Relatively Low,184341.09,4,66.39,Relatively High,60513.93,4,2.75,Very Low,357645.32,2,0.42,Very Low,70411.74,3,2.19,Very Low,10458.55,2,0.47,Very Low,49100.14,2,7.55,Very Low,37572.13,1,9.2,Very Low,34142.72,1,27.07,Relatively Moderate,46266.58,4,5.65,Very Low,219286.71,4,79.05,Very High,78829.58,1,5.1,Very Low,324767.37,4,0.47,Very Low,353160.75,2,11.69,Relatively Low,16740.74,1,11.4,Relatively Low,18432.79,1,26.9,Relatively Moderate,58060.69,2,15.59,Very Low
18044,State_18,County_044,18,044,2772081,41093087,8614668,3.25,Very Low,5937.6,2,16.97,Relatively Low,26792.81,3,12.24,Relatively Low,42660.25,4,13.12,Relatively Low,815883.42,1,14.76,Relatively Low,67118.58,3,22.88,Relatively Low,132643.4,2,14.65,Relatively Low,84252.31,2,9.28,Very Low,131236.77,4,0.6,Very Low,64539.76,4,35.62,Relatively Moderate,14199.27,3,36.03,Relatively Moderate,128064.95,1,9.2,Very Low,3872.17,2,23.45,Relatively Low,13332.66,1,17.13,Relatively Low,62882.51,2,43.25,Relatively Moderate,16110.34,3,10.79,Relatively Low,9835.45,4,29.88,Relatively Moderate,88850.9,2,10.14,Relatively Low,73907.42,2,17.96,Relatively Low
34190,State_34,County_190,34,190,351207,16993238,1330746,10.74,Relatively Low,67791.47,2,19.4,Relatively Low,224859.47,3,7.85,Very Low,175746.77,3,13.43,Relatively Low,164293.96,3,3.36,Very Low,11570.74,4,0.05,Very Low,102220.23,1,33.54,Relatively Moderate,6449.33,2,4.44,Very Low,3127.4,3,14.78,Relatively Low,260887.4,4,21.57,Relatively Low,264870.73,2,19.24,Relatively Low,117938.57,2,15.02,Relatively Low,103414.64,4,24.48,Relatively Low,32678.31,4,11.28,Relatively Low,157694.18,3,91.93,Very High,112954.99,1,1.41,Very Low,232.02,3,20.08,Relatively Low,179663.89,1,1.07,Very Low,568.19,4,17.43,Very Low
36014,State_36,County_014,36,014,1459087,70217406,7022496,28.05,Relatively Moderate,95089.28,4,7.64,Very Low,128427.76,2,7.85,Very Low,52274.05,2,5.48,Very Low,79657.7,2,24.77,Relatively Low,295053.0,2,0.09,Very Low,10640.68,2,5.34,Very Low,7997.66,3,27.68,Relatively Moderate,27737.7,2,0.77,Very Low,7569.58,1,16.49,Relatively Low,23713.15,2,4.95,Very Low,162700.5,2,2.48,Very Low,30947.52,2,5.82,Very Low,64709.79,1,11.94,Relatively Low,24753.1,1,13.88,Relatively Low,44287.74,1,21.38,Relatively Low,20806.14,3,10.49,Relatively Low,59665.54,2,25.84,Relatively Moderate,80891.13,4,12.27,Relatively Low
31048,State_31,County_048,31,048,4204463,69304749,9644691,5.42,Very Low,34244.82,2,11.01,Relatively Low,15417.26,3,19.13,Relatively Low,51323.79,3,5.02,Very Low,14367.22,2,19.19,Relatively Low,31683.22,1,5.73,Very Low,13.47,2,22.92,Relatively Low,125540.2,2,18.41,Relatively Low,6474.08,2,9.44,Very Low,41607.73,4,20.26,Relatively Low,38019.24,3,26.29,Relatively Moderate,13918.15,1,27.75,Relatively Moderate,37592.75,4,35.66,Relatively Moderate,286442.01,3,36.11,Relatively Moderate,47371.94,4,16.87,Relatively Low,12332.39,3,10.21,Relatively Low,49044.93,3,27.89,Relatively Moderate,112654.2,3,2.74,Very Low,124843.35,1,17.78,Relatively Low
15190,State_15,County_190,15,190,4715815,48406955,3082410,45.17,Relatively Moderate,121247.72,2,4.7,Very Low,64513.18,3,15.5,Relatively Low,4938.57,1,10.35,Relatively Low,48632.83,4,8.5,Very Low,61193.52,2,15.09,Relatively Low,147307.57,1,0.81,Very Low,145915.6,2,12.05,Relatively Low,53750.76,2,3.57,Very Low,107105.59,3,19.67,Relatively Low,104330.96,4,16.99,Relatively Low,93586.13,2,7.53,Very Low,267085.99,4,20.13,Relatively Low,37925.27,4,0.8,Very Low,114631.38,2,3.33,Very Low,220923.14,4,0.66,Very Low,109921.25,1,1.77,Very Low,72538.51,4,1.58,Very Low,116489.45,1,10.46,Very Low
40082,State_40,County_082,40,082,816564,21696165,6147511,27.33,Relatively Moderate,123574.89,2,8.01,Very Low,67897.72,3,6.01,Very Low,236516.17,4,0.15,Very Low,62379.87,4,0.64,Very Low,50691.26,1,5.61,Very Low,148718.21,3,3.72,Very Low,14100.87,4,2.01,Very Low,1709.29,3,7.23,Very Low,45844.45,1,4.63,Very Low,1770.82,1,6.27,Very Low,134333.66,3,6.42,Very Low,46480.01,4,12.59,Relatively Low,108769.41,1,54.86,Relatively High,187771.5,1,11.88,Relatively Low,177056.44,3,22.74,Relatively Low,61248.15,2,2.48,Very Low,229715.2,1,3.89,Very Low,28316.38,4,10.36,Very Low
47053,State_47,County_053,47,053,3208156,22731798,862371,47.48,Relatively Moderate,285987.92,1,11.35,Relatively Low,105256.11,3,49.36,Relatively Moderate,7861.59,1,3.44,Very Low,129326.75,3,2.28,Very Low,97395.6,2,5.68,Very Low,32329.17,1,25.0,Relatively Low,101047.7,3,2.68,Very Low,102951.24,1,6.35,Very Low,249478.54,4,19.36,Relatively Low,77395.17,3,18.45,Relatively Low,6422.2,1,40.02,Relatively Moderate,68778.65,1,8.9,Very Low,14418.78,2,5.39,Very Low,143166.13,4,10.42,Relatively Low,113824.85,1,14.55,Relatively Low,264030.21,2,9.23,Very Low,79093.01,1,9.2,Very Low,82296.99,2,16.06,Very Low
24154,State_24,County_154,24,154,994156,55045191,9352267,34.19,Relatively Moderate,112192.9,1,59.6,Relatively High,157572.69,3,7.46,Very Low,107620.65,1,3.29,Very Low,302474.53,4,7.83,Very Low,305803.38,2,12.64,Relatively Low,30048.61,1,37.77,Relatively Moderate,19370.06,2,14.61,Relatively Low,397272.02,4,26.53,Relatively Moderate,131722.59,1,43.16,Relatively Moderate,322227.17,1,45.83,Relatively Moderate,341284.54,4,2.65,Very Low,64798.28,4,5.57,Very Low,26401.74,3,16.48,Relatively Low,17757.25,4,21.63,Relatively Low,193245.0,4,0.18,Very Low,907.96,1,7.1,Very Low,80294.04,3,15.09,Relatively Low,25112.63,4,20.09,Very Low
25188,State_25,County_188,25,188,670327,19434369,9973863,24.78,Relatively Low,29278.99,3,0.44,Very Low,65563.98,1,0.01,Very Low,231651.26,2,7.61,Very Low,251988.36,3,10.24,Relatively Low,71891.69,3,6.97,Very Low,49833.43,1,0.5,Very Low,5943.47,3,12.91,Relatively Low,44179.9,2,73.28,Relatively High,48828.68,1,6.66,Very Low,106894.98,2,34.88,Relatively Moderate,209846.63,4,1.61,Very Low,70513.46,3,20.9,Relatively Low,25967.06,1,2.89,Very Low,201568.1,1,3.82,Very Low,56454.4,4,8.61,Very Low,86771.21,3,5.93,Very Low,183045.66,1,6.53,Very Low,224520.62,3,12.7,Relatively Low
45041,State_45,County_041,45,041,638889,76412007,6453300,21.6,Relatively Low,173251.46,4,10.32,Relatively Low,22901.09,1,4.42,Very Low,35054.33,4,28.97,Relatively Moderate,23202.77,1,6.8,Very Low,34990.05,3,10.61,Relatively Low,52663.67,4,26.3,Relatively Moderate,4881.35,4,17.74,Relatively Low,147456.97,2,26.13,Relatively Moderate,72496.69,1,11.62,Relatively Low,33194.39,3,40.11,Relatively Moderate,49729.09,1,21.76,Relatively Low,1.16,1,0.95,Very Low,44969.33,1,54.22,Relatively High,25634.53,2,0.15,Very Low,57533.2,4,0.02,Very Low,130690.96,4,5.57,Very Low,131574.17,4,20.32,Relatively Low,188667.72,3,17.09,Very Low
29015,State_29,County_015,29,015,1109577,94118769,6583485,5.9,Very Low,124695.45,3,4.75,Very Low,13393.89,4,34.83,Relatively Moderate,164347.84,3,3.74,Very Low,143751.56,2,13.4,Relatively Low,108179.72,3,8.03,Very Low,140173.17,4,2.75,Very Low,151700.33,1,4.7,Very Low,99002.89,2,4.62,Very Low,92018.3,4,15.0,Relatively Low,13919.47,1,1.62,Very Low,72124.72,1,2.83,Very Low,359066.44,3,26.36,Relatively Moderate,119471.37,4,1.55,Very Low,162718.5,3,17.79,Relatively Low,130556.66,2,6.34,Very Low,3134.4,1,3.26,Very Low,42364.22,2,16.41,Relatively Low,17117.54,1,9.66,Relatively Low
45065,State_45,County_065,45,065,4507968,36677259,7532300,44.09,Relatively Moderate,68569.25,3,9.88,Very Low,70658.23,4,19.89,Relatively Low,48508.48,3,22.86,Relatively Low,13282.63,2,18.25,Relatively Low,351516.52,1,1.54,Very Low,81866.65,1,25.48,Relatively Moderate,79060.64,1,11.67,Relatively Low,56141.03,1,19.01,Relatively Low,198515.35,1,48.86,Relatively Moderate,125320.07,3,7.58,Very Low,14123.53,2,24.82,Relatively Low,113057.49,4,5.14,Very Low,205115.76,3,10.44,Relatively Low,7352.98,2,14.71,Relatively Low,84803.88,4,60.18,Relatively High,98884.36,4,16.81,Relatively Low,5322.76,1,0.3,Very Low,49541.52,1,20.08,Relatively Low
25071,State_25,County_071,25,071,863392,93556384,3762340,19.79,Relatively Low,51839.99,2,4.26,Very Low,43983.1,2,8.5,Very Low,115659.28,1,1.12,Very Low,22991.82,3,43.36,Relatively Moderate,102648.07,2,19.83,Relatively Low,12351.43,3,8.13,Very Low,139006.06,4,69.63,Relatively High,39341.88,3,8.49,Very Low,393063.21,2,8.97,Very Low,377680.32,2,52.94,Relatively High,12025.25,2,12.16,Relatively Low,21049.3,4,8.24,Very Low,42544.97,4,1.15,Very Low,93009.22,2,9.9,Very Low,31270.42,4,11.96,Relatively Low,117046.98,2,13.88,Relatively Low,8010.38,1,38.96,Relatively Moderate,7078.1,1,18.96,Relatively Moderate
09088,State_09,County_088,09,088,1170117,36637395,6062859,9.19,Very Low,9661.58,2,4.67,Very Low,1522.6,3,7.01,Very Low,82933.35,1,18.39,Relatively Low,94162.76,1,11.19,Relatively Low,28704.81,2,30.16,Relatively Moderate,293245.2,2,8.94,Very Low,94741.55,3,20.01,Relatively Low,214552.86,3,22.2,Relatively Low,98137.55,2,17.1,Relatively Low,52450.49,1,7.31,Very Low,275305.5,1,8.97,Very Low,316015.93,4,19.4,Relatively Low,96037.07,4,16.74,Relatively Low,377256.35,1,10.34,Relatively Low,135799.84,2,1.46,Very Low,137985.26,3,24.69,Relatively Low,197558.35,4,8.55,Very Low,128535.58,2,13.68,Relatively Low
01136,State_01,County_136,01,136,733858,45761947,144816,11.87,Relatively Low,111071.18,2,18.78,Relatively Low,9584.1,1,25.59,Relatively Moderate,5131.28,4,0.21,Very Low,28551.94,1,0.24,Very Low,8028.33,2,0.97,Very Low,61422.61,3,3.64,Very Low,90905.64,4,1.27,Very Low,302600.0,2,32.44,Relatively Moderate,48334.7,4,40.48,Relatively Moderate,78581.96,2,7.6,Very Low,72074.67,3,20.09,Relatively Low,73699.25,3,22.09,Relatively Low,55773.49,1,13.17,Relatively Low,77290.91,1,30.06,Relatively Moderate,246813.43,1,16.47,Relatively Low,154828.18,1,7.95,Very Low,206927.67,3,18.34,Relatively Low,55791.96,4,15.07,Very Low
24063,State_24,County_063,24,063,3810315,84269226,6569723,8.16,Very Low,69330.74,4,8.8,Very Low,2215.7,4,13.38,Relatively Low,52362.87,3,10.13,Relatively Low,261881.25,3,4.95,Very Low,124813.37,2,15.97,Relatively Low,30142.49,2,1.78,Very Low,72654.76,1,3.08,Very Low,109129.73,3,19.12,Relatively Low,175150.9,3,1.76,Very Low,34134.65,4,38.77,Relatively Moderate,58574.05,2,11.5,Relatively Low,44143.32,3,1.2,Very Low,206070.46,1,5.52,Very Low,245095.1,4,23.15,Relatively Low,100026.11,1,10.57,Relatively Low,283226.76,1,5.75,Very Low,233881.81,2,12.09,Relatively Low,69943.18,2,10.87,Very Low
11081,State_11,County_081,11,081,503992,65711285,6614948,16.95,Relatively Low,181959.35,3,9.29,Very Low,53531.65,3,14.15,Relatively Low,17478.85,1,7.94,Very Low,127987.96,4,3.91,Very Low,12505.46,1,20.24,Relatively Low,198757.29,1,19.77,Relatively Low,72346.9,2,11.69,Relatively Low,42347.12,2,2.72,Very Low,221508.29,2,1.94,Very Low,100687.01,3,3.77,Very Low,73235.5,4,5.59,Very Low,18263.89,3,7.44,Very Low,26683.86,3,20.76,Relatively Low,84842.7,3,12.21,Relatively Low,53746.93,2,30.77,Relatively Moderate,113624.72,4,18.17,Relatively Low,18837.25,2,5.95,Very Low,79116.86,1,11.85,Very Low
08163,State_08,County_163,08,163,2413233,96096924,5486159,43.54,Relatively Moderate,119279.31,1,1.87,Very Low,41129.19,4,59.01,Relatively High,71802.36,1,7.46,Very Low,226024.21,3,22.24,Relatively Low,302499.69,1,0.27,Very Low,157386.86,1,16.78,Relatively Low,52444.98,1,14.85,Relatively Low,116677.86,4,32.0,Relatively Moderate,131422.12,1,11.51,Relatively Low,180860.68,1,31.09,Relatively Moderate,22744.84,4,6.09,Very Low,156809.54,2,10.72,Relatively Low,171813.04,1,32.13,Relatively Moderate,62793.97,1,7.91,Very Low,104348.29,2,34.81,Relatively Moderate,22749.39,4,0.64,Very Low,65250.46,3,11.71,Relatively Low,344407.81,4,19.15,Relatively Low
35033,State_35,County_033,35,033,2858883,56651376,5510897,7.06,Very Low,162869.49,3,3.95,Very Low,285676.96,2,5.81,Very Low,24860.41,2,19.6,Relatively Low,93753.72,3,6.92,Very Low,62406.62,4,0.7,Very Low,43069.82,4,0.13,Very Low,24547.53,2,27.71,Relatively Moderate,46719.34,3,24.48,Relatively Low,148196.67,3,0.75,Very Low,86992.04,1,13.15,Relatively Low,152307.66,1,6.47,Very Low,113156.97,4,2.27,Very Low,111217.63,4,18.74,Relatively Low,48877.09,4,3.25,Very Low,221100.47,1,2.59,Very Low,29871.74,3,13.64,Relatively Low,106170.02,4,28.72,Relatively Moderate,78011.44,2,10.33,Very Low
05041,State_05,County_041,05,041,983737,23210217,4002908,18.9,Relatively Low,31600.29,4,13.32,Relatively Low,20502.47,1,3.63,Very Low,55312.59,4,19.33,Relatively Low,136945.05,4,1.2,Very Low,119124.13,4,8.8,Very Low,59924.94,2,23.86,Relatively Low,31738.01,2,11.43,Relatively Low,101269.62,3,15.17,Relatively Low,39231.96,1,26.22,Relatively Moderate,62197.08,2,3.7,Very Low,90461.73,2,0.98,Very Low,149964.44,3,22.58,Relatively Low,143066.99,2,23.18,Relatively Low,148572.83,4,6.89,Very Low,56624.36,1,9.35,Very Low,30653.11,1,31.7,Relatively Moderate,27891.62,1,14.92,Relatively Low,195277.64,4,14.18,Very Low
28135,State_28,County_135,28,135,3281557,98645784,8030221,32.85,Relatively Moderate,39347.32,1,8.6,Very Low,109892.81,2,27.95,Relatively Moderate,28636.13,2,18.41,Relatively Low,341926.73,3,100.0,Very High,39547.41,3,24.24,Relatively Low,112165.22,3,90.66,Very High,27640.78,3,5.44,Very Low,38287.88,3,0.34,Very Low,44695.42,3,7.81,Very Low,1379.32,4,15.93,Relatively Low,26398.92,2,0.26,Very Low,248414.66,1,21.55,Relatively Low,3971.64,3,10.75,Relatively Low,536.05,3,14.7,Relatively Low,199829.11,2,7.43,Very Low,7184.87,1,21.2,Relatively Low,58392.3,2,2.24,Very Low,86474.29,4,22.8,Very High
09072,State_09,County_072,09,072,4943842,95197655,1050922,39.71,Relatively Moderate,41840.64,1,15.04,Relatively Low,63353.06,1,59.54,Relatively High,104842.0,1,9.28,Very Low,281227.46,2,0.82,Very Low,60653.72,2,6.75,Very Low,199246.73,4,42.63,Relatively Moderate,18315.03,1,0.84,Very Low,103354.59,1,15.69,Relatively Low,32198.12,3,20.66,Relatively Low,166209.31,1,2.96,Very Low,122125.17,2,13.0,Relatively Low,60314.39,2,2.79,Very Low,1933.05,4,0.38,Very Low,18805.9,3,27.32,Relatively Moderate,162359.23,2,36.15,Relatively Moderate,101896.64,2,7.71,Very Low,16687.08,1,26.92,Relatively Moderate,102883.7,2,18.23,Very Low
12162,State_12,County_162,12,162,4990249,94693514,5075467,6.58,Very Low,5338.95,4,1.03,Very Low,26239.73,1,14.0,Relatively Low,212840.5,4,17.6,Relatively Low,90826.41,4,29.82,Relatively Moderate,217237.68,4,7.06,Very Low,160980.51,4,24.34,Relatively Low,589176.4,4,3.65,Very Low,117509.97,3,54.39,Relatively High,62550.63,3,22.44,Relatively Low,13689.35,4,1.04,Very Low,370269.99,1,16.6,Relatively Low,222463.48,1,1.33,Very Low,48710.52,2,8.07,Very Low,18406.48,3,9.5,Very Low,31274.3,2,1.17,Very Low,57706.64,4,54.22,Relatively High,142417.28,4,1.82,Very Low,874.43,3,15.26,Relatively Moderate
33048,State_33,County_048,33,048,1048218,60072621,7292767,5.34,Very Low,26462.46,4,26.28,Relatively Moderate,45506.88,4,16.81,Relatively Low,6460.77,1,2.8,Very Low,228511.92,2,6.29,Very Low,199995.72,3,4.75,Very Low,10378.72,3,5.4,Very Low,82875.7,4,2.54,Very Low,65103.86,2,10.56,Relatively Low,15557.69,3,0.05,Very Low,19145.52,3,1.29,Very Low,61541.62,3,7.56,Very Low,125592.05,1,8.13,Very Low,61328.56,1,6.39,Very Low,79238.76,4,22.51,Relatively Low,198197.35,3,0.69,Very Low,13508.29,1,68.28,Relatively High,220291.45,4,0.24,Very Low,73973.61,1,10.88,Very Low
55151,State_55,County_151,55,151,1648846,62980075,9948018,16.1,Relatively Low,12444.34,4,7.83,Very Low,39784.39,4,8.07,Very Low,72123.96,4,3.28,Very Low,302505.45,1,10.7,Relatively Low,133271.5,4,10.09,Relatively Low,103492.01,4,52.72,Relatively High,269300.53,1,16.26,Relatively Low,15224.66,2,28.93,Relatively Moderate,18068.56,3,3.7,Very Low,20191.76,2,35.03,Relatively Moderate,92596.48,2,52.56,Relatively High,84690.57,1,23.1,Relatively Low,29142.03,2,6.87,Very Low,9103.83,1,19.61,Relatively Low,85149.41,1,2.89,Very Low,111707.55,1,4.37,Very Low,73412.35,4,4.31,Very Low,30550.31,1,17.02,Relatively Low
24037,State_24,County_037,24,037,1860924,29052393,6672531,20.81,Relatively Low,16493.19,1,12.12,Relatively Low,22252.54,4,9.99,Very Low,253501.73,1,43.42,Relatively Moderate,94145.87,3,4.08,Very Low,239070.13,3,0.1,Very Low,148067.66,1,2.52,Very Low,66799.68,2,10.79,Relatively Low,121767.72,1,22.01,Relatively Low,50727.48,2,9.69,Very Low,112208.46,2,3.43,Very Low,41613.92,4,3.86,Very Low,110876.12,4,10.7,Relatively Low,69570.17,3,14.77,Relatively Low,32638.23,1,8.65,Very Low,182747.2,1,23.85,Relatively Low,140134.33,4,4.07,Very Low,5088.75,1,22.27,Relatively Low,246470.25,4,12.62,Very Low
35172,State_35,County_172,35,172,2125226,75071229,1440683,7.16,Very Low,161669.3,2,0.86,Very Low,84040.64,3,22.23,Relatively Low,27040.99,1,29.12,Relatively Moderate,180220.96,4,7.35,Very Low,6845.57,1,20.76,Relatively Low,56407.24,4,22.39,Relatively Low,26712.89,3,5.19,Very Low,40377.49,2,16.53,Relatively Low,270612.84,4,13.64,Relatively Low,105953.63,4,5.73,Very Low,188459.37,3,13.73,Relatively Low,70588.86,2,4.87,Very Low,33075.11,2,9.12,Very Low,113355.73,1,18.38,Relatively Low,97468.69,2,23.73,Relatively Low,32590.9,2,1.23,Very Low,58482.77,1,1.4,Very Low,479102.68,1,12.41,Very Low
40035,State_40,County_035,40,035,2031835,7427095,6178159,9.04,Very Low,22125.92,3,1.45,Very Low,17768.15,4,4.78,Very Low,41767.73,1,8.88,Very Low,69618.77,2,0.08,Very Low,6197.8,1,20.87,Relatively Low,140188.76,2,2.93,Very Low,34851.79,3,21.22,Relatively Low,5721.13,3,9.31,Very Low,200220.35,4,7.94,Very Low,51484.41,3,6.62,Very Low,141660.7,4,5.65,Very Low,117459.46,1,8.7,Very Low,130826.69,3,6.28,Very Low,56204.46,1,25.93,Relatively Moderate,19036.55,1,11.37,Relatively Low,33960.06,3,44.91,Relatively Moderate,14744.43,3,8.53,Very Low,17961.19,1,11.36,Very Low
01101,State_01,County_101,01,101,307584,61126058,992015,3.69,Very Low,1529.32,3,40.23,Relatively Moderate,172026.34,2,11.11,Relatively Low,120293.97,4,7.65,Very Low,39570.5,1,1.3,Very Low,29294.63,4,1.65,Very Low,86004.6,3,6.73,Very Low,9669.59,2,3.63,Very Low,6960.11,4,22.95,Relatively Low,120299.06,3,16.13,Relatively Low,75991.08,4,30.97,Relatively Moderate,155823.3,4,5.27,Very Low,278572.63,2,8.26,Very Low,157779.71,3,52.46,Relatively High,56428.59,3,2.34,Very Low,12296.04,1,17.67,Relatively Low,61235.83,4,68.25,Relatively High,85434.17,1,12.93,Relatively Low,44505.15,1,17.4,Very Low
47131,State_47,County_131,47,131,4471902,36202256,9639605,9.73,Very Low,43204.39,4,2.59,Very Low,5317.49,2,3.52,Very Low,8849.07,1,6.66,Very Low,244061.17,3,3.75,Very Low,47963.59,1,12.89,Relatively Low,143499.57,1,9.22,Very Low,36138.01,3,0.25,Very Low,113693.48,2,17.27,Relatively Low,75837.32,2,41.5,Relatively Moderate,37367.89,2,2.64,Very Low,106830.5,2,6.05,Very Low,263250.45,2,1.06,Very Low,54071.28,3,10.77,Relatively Low,148532.87,3,16.26,Relatively Low,7991.27,3,3.95,Very Low,114367.14,2,26.9,Relatively Moderate,168562.27,1,8.65,Very Low,229521.59,2,10.2,Very Low
01005,State_01,County_005,01,005,1751888,29412258,222019,8.0,Very Low,112646.54,2,4.89,Very Low,24456.67,2,3.01,Very Low,17056.62,4,35.67,Relatively Moderate,16993.9,2,2.76,Very Low,211469.75,3,1.51,Very Low,38227.81,3,19.72,Relatively Low,317289.94,1,27.16,Relatively Moderate,5151.9,4,37.23,Relatively Moderate,100899.38,1,5.05,Very Low,9582.18,2,11.37,Relatively Low,113146.01,1,7.62,Very Low,58681.4,2,2.38,Very Low,178934.07,2,43.02,Relatively Moderate,27068.66,4,7.15,Very Low,246581.88,4,8.53,Very Low,28701.97,2,10.83,Relatively Low,36884.63,4,3.63,Very Low,215723.14,3,13.31,Very Low
26142,State_26,County_142,26,142,2218578,69668521,8296906,57.49,Relatively High,337398.73,4,4.0,Very Low,23684.48,4,16.68,Relatively Low,163696.35,2,2.13,Very Low,48167.51,3,4.64,Very Low,463896.52,3,90.63,Very High,21211.96,2,17.47,Relatively Low,12827.39,1,3.31,Very Low,6794.93,1,3.78,Very Low,36703.76,4,37.32,Relatively Moderate,149740.68,2,2.81,Very Low,54153.36,1,23.93,Relatively Low,128819.73,2,7.49,Very Low,10563.34,1,0.81,Very Low,17390.69,4,2.67,Very Low,26632.88,3,26.59,Relatively Moderate,296136.06,3,2.18,Very Low,26328.25,4,4.88,Very Low,3659.16,2,17.16,Very Low
39027,State_39,County_027,39,027,3478282,35968906,8841647,12.8,Relatively Low,49905.37,1,19.7,Relatively Low,293287.08,1,23.22,Relatively Low,36590.72,4,17.95,Relatively Low,45273.41,4,54.63,Relatively High,78569.82,3,11.5,Relatively Low,83487.58,4,35.19,Relatively Moderate,46955.89,2,3.24,Very Low,9782.91,1,26.79,Relatively Moderate,163808.85,1,5.73,Very Low,30027.89,4,39.97,Relatively Moderate,10021.92,4,0.78,Very Low,98472.22,1,1.31,Very Low,23714.86,2,16.31,Relatively Low,204510.88,1,8.75,Very Low,40706.82,4,17.75,Relatively Low,80466.52,1,12.73,Relatively Low,163697.53,3,36.25,Relatively Moderate,79277.93,1,19.14,Relatively High
09015,State_09,County_015,09,015,2570837,13063550,7400259,7.86,Very Low,13417.8,2,0.88,Very Low,3528.81,1,6.18,Very Low,162379.66,3,15.39,Relatively Low,30087.29,2,6.17,Very Low,37383.84,1,3.92,Very Low,52984.53,2,31.21,Relatively Moderate,156312.94,4,16.77,Relatively Low,173926.44,2,0.7,Very Low,106823.59,3,6.71,Very Low,111252.1,1,68.72,Relatively High,3048.12,1,2.55,Very Low,445856.16,3,2.78,Very Low,43356.37,3,12.93,Relatively Low,201067.36,3,63.17,Relatively High,146104.13,3,7.94,Very Low,55771.89,4,16.42,Relatively Low,69457.0,4,3.38,Very Low,272468.33,3,15.2,Very Low
26042,State_26,County_042,26,042,4337552,18929098,6556182,1.57,Very Low,92430.32,3,25.59,Relatively Moderate,4096.66,1,10.17,Relatively Low,21692.42,3,3.54,Very Low,144971.72,2,13.84,Relatively Low,71669.95,3,2.02,Very Low,387047.59,3,49.79,Relatively Moderate,14511.84,3,16.93,Relatively Low,90199.79,2,21.78,Relatively Low,541.96,2,8.41,Very Low,32285.71,1,0.28,Very Low,62374.55,2,3.99,Very Low,98171.01,1,15.84,Relatively Low,28912.32,2,2.11,Very Low,93139.67,4,18.13,Relatively Low,12040.74,4,6.26,Very Low,65110.04,2,7.95,Very Low,13511.71,2,0.21,Very Low,8512.09,2,11.58,Relatively Low
13179,State_13,County_179,13,179,949695,60972646,579809,8.34,Very Low,79439.44,4,10.18,Relatively Low,100351.6,1,50.42,Relatively High,5173.21,4,13.45,Relatively Low,18140.32,3,10.41,Relatively Low,7191.94,2,27.47,Relatively Moderate,13637.62,2,37.38,Relatively Moderate,52187.06,4,28.62,Relatively Moderate,476224.14,2,11.18,Relatively Low,119677.47,4,13.95,Relatively Low,36800.51,1,17.07,Relatively Low,291737.67,3,4.39,Very Low,141195.8,4,3.69,Very Low,108422.01,4,2.05,Very Low,58405.34,2,19.57,Relatively Low,39086.78,1,27.23,Relatively Moderate,13624.3,2,2.17,Very Low,9917.84,1,9.26,Very Low,69109.15,1,16.49,Relatively Low
32052,State_32,County_052,32,052,1606246,44762279,8294253,1.89,Very Low,3.07,3,5.85,Very Low,80823.64,2,0.19,Very Low,77717.99,4,33.72,Relatively Moderate,173503.75,1,10.84,Relatively Low,8889.28,1,7.27,Very Low,109741.66,1,7.38,Very Low,27483.05,3,9.81,Very Low,14851.8,4,2.92,Very Low,436900.45,4,7.78,Very Low,9173.14,4,81.29,Very High,87398.45,1,5.79,Very Low,64714.43,1,7.73,Very Low,111628.94,2,13.46,Relatively Low,118630.9,1,15.01,Relatively Low,13733.96,3,1.91,Very Low,85013.52,4,21.0,Relatively Low,206246.19,2,78.56,Very High,9706.22,3,17.36,Relatively Low
32132,State_32,County_132,32,132,4704668,75954636,9772891,21.88,Relatively Low,36749.01,3,14.4,Relatively Low,189684.89,3,3.84,Very Low,80084.59,2,1.72,Very Low,65102.89,3,4.88,Very Low,147627.19,4,0.88,Very Low,11147.18,4,9.64,Very Low,6902.2,3,15.23,Relatively Low,171517.35,2,11.11,Relatively Low,31716.1,2,4.36,Very Low,36783.83,2,2.51,Very Low,377363.93,4,13.12,Relatively Low,131015.48,4,1.16,Very Low,238309.51,4,3.16,Very Low,120978.39,2,6.17,Very Low,284004.31,1,0.32,Very Low,37946.58,1,55.44,Relatively High,179098.59,2,6.04,Very Low,112597.19,3,9.77,Very Low
30151,State_30,County_151,30,151,4111599,27859824,1490598,9.08,Very Low,53150.42,2,11.99,Relatively Low,156071.84,2,13.18,Relatively Low,348420.34,2,25.37,Relatively Moderate,62872.38,1,10.58,Relatively Low,17664.53,2,10.38,Relatively Low,11242.69,2,6.57,Very Low,51199.99,3,9.02,Very Low,425488.81,2,7.35,Very Low,107789.91,4,9.17,Very Low,50575.18,4,25.21,Relatively Moderate,282184.54,2,2.18,Very Low,22019.69,2,9.73,Very Low,92081.78,1,1.77,Very Low,202623.67,1,2.03,Very Low,49715.69,2,0.58,Very Low,96750.13,2,0.91,Very Low,80377.97,2,6.78,Very Low,10379.98,4,8.99,Relatively Low
39143,State_39,County_143,39,143,1534631,94466578,5324369,11.32,Relatively Low,113442.15,4,35.79,Relatively Moderate,50469.88,4,31.65,Relatively Moderate,81724.28,3,8.5,Very Low,90554.82,1,11.12,Relatively Low,38437.43,4,13.25,Relatively Low,176281.45,2,5.68,Very Low,156738.35,4,26.46,Relatively Moderate,153002.41,1,3.26,Very Low,113473.03,3,31.21,Relatively Moderate,353840.12,1,7.52,Very Low,92466.12,4,7.8,Very Low,72625.59,3,81.52,Very High,1054.91,2,9.85,Very Low,165902.23,2,14.43,Relatively Low,41831.83,2,1.35,Very Low,168409.02,1,12.55,Relatively Low,43315.84,2,15.49,Relatively Low,47957.22,2,18.26,Relatively Low
43029,State_43,County_029,43,029,624673,25529154,7760678,34.9,Relatively Moderate,48323.54,1,35.39,Relatively Moderate,180407.01,3,25.76,Relatively Moderate,175066.06,2,4.61,Very Low,70026.64,4,12.13,Relatively Low,174831.1,2,9.41,Very Low,58948.39,1,8.02,Very Low,316879.74,2,2.7,Very Low,53635.7,3,14.74,Relatively Low,84771.58,1,25.69,Relatively Moderate,174213.4,1,21.64,Relatively Low,74108.06,2,11.75,Relatively Low,46809.84,3,8.75,Very Low,17836.95,3,20.34,Relatively Low,27992.77,3,0.79,Very Low,50715.48,1,45.68,Relatively Moderate,215041.98,4,27.41,Relatively Moderate,15703.6,4,0.11,Very Low,2614.83,4,17.21,Relatively Low
36013,State_36,County_013,36,013,3953439,16111500,1351661,48.2,Relatively Moderate,4992.04,3,22.56,Relatively Low,172787.87,2,11.69,Relatively Low,103725.06,1,6.02,Very Low,88968.44,4,5.28,Very Low,8032.92,4,62.06,Relatively High,159201.26,2,10.96,Relatively Low,28216.06,1,0.91,Very Low,117352.87,1,44.63,Relatively Moderate,15380.01,1,1.43,Very Low,33673.3,3,0.06,Very Low,110997.97,3,6.03,Very Low,145231.27,1,8.05,Very Low,2429.79,1,0.34,Very Low,446889.14,4,47.1,Relatively Moderate,91469.13,4,49.52,Relatively Moderate,12188.93,1,4.06,Very Low,10199.47,2,14.42,Relatively Low,23292.05,2,19.07,Very Low
32071,State_32,County_071,32,071,241414,80948588,2502110,22.82,Relatively Low,57456.72,3,6.46,Very Low,152521.54,3,5.89,Very Low,116249.68,2,26.63,Relatively Moderate,25445.03,1,14.94,Relatively Low,134585.48,2,2.99,Very Low,160523.66,2,24.95,Relatively Low,31834.84,4,12.95,Relatively Low,178743.95,3,1.06,Very Low,19994.66,1,17.67,Relatively Low,15080.82,3,9.23,Very Low,112627.53,2,11.0,Relatively Low,566253.75,4,15.03,Relatively Low,146499.15,1,2.14,Very Low,17285.07,3,12.72,Relatively Low,56925.34,1,71.57,Relatively High,23359.22,3,5.41,Very Low,131259.65,3,8.13,Very Low,44287.3,3,15.09,Relatively Low
51086,State_51,County_086,51,086,1062305,57235862,7033966,2.64,Very Low,63816.64,3,5.68,Very Low,25437.94,4,20.34,Relatively Low,2552.2,2,9.61,Very Low,4428.14,3,4.54,Very Low,118728.98,1,7.98,Very Low,21785.21,4,14.13,Relatively Low,66977.77,3,5.73,Very Low,242995.93,4,13.72,Relatively Low,72094.57,1,5.76,Very Low,53702.26,3,5.05,Very Low,132654.84,1,5.76,Very Low,11056.96,3,2.87,Very Low,63799.54,4,0.47,Very Low,125321.24,4,7.85,Very Low,73684.21,2,15.41,Relatively Low,32232.4,1,29.67,Relatively Moderate,86065.99,1,5.7,Very Low,98609.22,3,9.05,Very Low
28066,State_28,County_066,28,066,1377064,63266549,7991784,12.73,Relatively Low,19940.89,2,3.0,Very Low,156394.41,2,5.49,Very Low,80998.17,2,13.36,Relatively Low,6975.41,1,1.28,Very Low,9188.31,2,22.22,Relatively Low,125491.36,2,5.0,Very Low,51134.72,1,13.93,Relatively Low,49012.68,4,16.58,Relatively Low,160273.93,4,4.64,Very Low,40463.68,1,32.6,Relatively Moderate,61344.65,4,24.73,Relatively Low,217080.27,1,40.27,Relatively Moderate,579242.27,2,3.51,Very Low,14263.33,3,0.76,Very Low,26276.95,1,2.22,Very Low,92.98,1,2.23,Very Low,195978.83,4,8.07,Very Low,44094.41,4,11.81,Very Low
42045,State_42,County_045,42,045,988935,39821960,9519059,10.77,Relatively Low,114093.37,4,3.53,Very Low,375335.5,3,1.31,Very Low,48766.18,2,22.84,Relatively Low,145183.03,1,2.47,Very Low,39832.79,3,2.1,Very Low,111385.44,1,8.38,Very Low,99972.45,3,10.53,Relatively Low,37424.23,2,3.47,Very Low,37580.89,1,3.96,Very Low,51974.08,3,11.12,Relatively Low,254482.73,4,36.0,Relatively Moderate,46240.41,1,5.87,Very Low,144899.49,2,3.03,Very Low,313022.14,3,0.39,Very Low,155102.81,4,9.99,Very Low,11542.61,4,1.29,Very Low,91621.04,3,31.25,Relatively Moderate,36020.45,1,9.35,Very Low
53134,State_53,County_134,53,134,961302,58900186,1220803,2.38,Very Low,117222.5,3,28.79,Relatively Moderate,39773.52,3,10.41,Relatively Low,103768.2,2,4.19,Very Low,36535.13,4,24.32,Relatively Low,197629.34,2,8.84,Very Low,8801.77,2,16.28,Relatively Low,139362.17,4,30.75,Relatively Moderate,34170.31,2,29.33,Relatively Moderate,14120.29,1,13.66,Relatively Low,8552.06,2,4.36,Very Low,206390.8,2,5.5,Very Low,196382.68,1,9.68,Very Low,189112.48,4,3.25,Very Low,171787.06,2,11.94,Relatively Low,20972.87,4,12.94,Relatively Low,36798.74,1,9.27,Very Low,176439.13,4,40.43,Relatively Moderate,271607.14,3,14.8,Relatively Low
28028,State_28,County_028,28,028,4147075,1171277,7451548,38.3,Relatively Moderate,15314.45,4,19.39,Relatively Low,11944.87,2,5.49,Very Low,39468.52,3,48.82,Relatively Moderate,113682.07,4,3.98,Very Low,118805.83,2,42.72,Relatively Moderate,35421.01,4,56.97,Relatively High,87377.89,4,0.16,Very Low,78582.7,1,0.87,Very Low,29522.93,2,6.33,Very Low,73510.28,2,9.32,Very Low,3383.39,4,10.63,Relatively Low,14893.12,4,7.58,Very Low,64246.6,1,16.32,Relatively Low,90477.32,1,9.47,Very Low,52883.56,2,3.27,Very Low,171620.67,2,16.79,Relatively Low,14775.98,4,4.45,Very Low,139478.77,1,16.71,Very Low
44044,State_44,County_044,44,044,2768566,36882465,1255933,13.6,Relatively Low,545718.46,1,4.51,Very Low,164.51,3,0.84,Very Low,22846.03,1,29.72,Relatively Moderate,11138.45,3,36.98,Relatively Moderate,185712.66,2,25.91,Relatively Moderate,139775.44,3,1.05,Very Low,128746.02,1,3.96,Very Low,122268.92,4,10.77,Relatively Low,42898.75,3,20.44,Relatively Low,124133.19,2,1.76,Very Low,3623.9,2,1.71,Very Low,26479.48,2,3.16,Very Low,3973.7,1,1.27,Very Low,60184.95,1,8.81,Very Low,112573.72,2,31.49,Relatively Moderate,148361.4,2,0.15,Very Low,150528.65,2,0.58,Very Low,165061.32,2,10.93,Relatively Moderate
20030,State_20,County_030,20,030,2448761,20625255,9126117,4.29,Very Low,77304.57,2,7.63,Very Low,198720.8,1,18.38,Relatively Low,42400.53,3,5.92,Very Low,308003.31,4,25.63,Relatively Moderate,41147.91,4,1.07,Very Low,481455.83,2,4.14,Very Low,26600.85,3,3.07,Very Low,55888.76,1,5.17,Very Low,54024.55,2,8.66,Very Low,379407.37,2,10.19,Relatively Low,40071.04,2,27.49,Relatively Moderate,41449.0,2,5.3,Very Low,35391.62,2,16.81,Relatively Low,185991.97,4,1.96,Very Low,100760.22,3,5.92,Very Low,2097.65,2,3.16,Very Low,172176.8,1,1.89,Very Low,18859.3,1,8.7,Relatively Moderate
11128,State_11,County_128,11,128,3735530,83164500,1261140,2.24,Very Low,57994.54,2,0.2,Very Low,71699.01,1,27.16,Relatively Moderate,69809.07,1,25.69,Relatively Moderate,219096.63,4,13.97,Relatively Low,70059.16,2,7.1,Very Low,49975.49,2,8.84,Very Low,89703.09,2,2.75,Very Low,37151.09,1,26.56,Relatively Moderate,106341.51,1,15.56,Relatively Low,16933.42,1,7.7,Very Low,157565.76,2,8.0,Very Low,4062.56,2,3.53,Very Low,30234.72,3,6.52,Very Low,4405.65,1,28.75,Relatively Moderate,12309.81,1,2.28,Very Low,144187.41,1,10.64,Relatively Low,96821.94,4,22.39,Relatively Low,41944.91,3,12.22,Relatively Low
